<?xml version="1.0" encoding="UTF-8"?>
<!DOCTYPE mapper PUBLIC "-//mybatis.org//DTD Mapper 3.0//EN" "http://mybatis.org/dtd/mybatis-3-mapper.dtd">

<mapper namespace="com.dao.TijianyuyueDao">

	<!-- 可根据自己的需求，是否要使用 -->
    <resultMap type="com.entity.TijianyuyueEntity" id="tijianyuyueMap">
        <result property="tijianxiangmu" column="tijianxiangmu"/>
        <result property="taocantupian" column="taocantupian"/>
        <result property="tijianneirong" column="tijianneirong"/>
        <result property="tijiandanwei" column="tijiandanwei"/>
        <result property="taocanjiage" column="taocanjiage"/>
        <result property="keyuerenshu" column="keyuerenshu"/>
        <result property="zongjine" column="zongjine"/>
        <result property="tijiandidian" column="tijiandidian"/>
        <result property="yonghuzhanghao" column="yonghuzhanghao"/>
        <result property="yonghuxingming" column="yonghuxingming"/>
        <result property="shoujihaoma" column="shoujihaoma"/>
        <result property="yuyueshijian" column="yuyueshijian"/>
        <result property="zhanghao" column="zhanghao"/>
        <result property="xingming" column="xingming"/>
        <result property="sfsh" column="sfsh"/>
        <result property="shhf" column="shhf"/>
        <result property="ispay" column="ispay"/>
    </resultMap>

	<select id="selectListVO"
		resultType="com.entity.vo.TijianyuyueVO" >
		SELECT * FROM tijianyuyue  tijianyuyue         
        <where> 1=1 ${ew.sqlSegment}</where>
	</select>
	
	<select id="selectVO"
		resultType="com.entity.vo.TijianyuyueVO" >
		SELECT  tijianyuyue.* FROM tijianyuyue  tijianyuyue 	
 		<where> 1=1 ${ew.sqlSegment}</where>
	</select>

    <select id="selectListView"
		resultType="com.entity.view.TijianyuyueView" >

		SELECT  tijianyuyue.* FROM tijianyuyue  tijianyuyue 	        
        <where> 1=1 ${ew.sqlSegment}</where>
	</select>
	
	<select id="selectView"
		resultType="com.entity.view.TijianyuyueView" >
		SELECT * FROM tijianyuyue  tijianyuyue <where> 1=1 ${ew.sqlSegment}</where>
	</select>
	

</mapper>
