<?xml version="1.0" encoding="UTF-8"?>
<!DOCTYPE mapper PUBLIC "-//mybatis.org//DTD Mapper 3.0//EN" "http://mybatis.org/dtd/mybatis-3-mapper.dtd">

<mapper namespace="com.dao.TijianyishiDao">

	<!-- 可根据自己的需求，是否要使用 -->
    <resultMap type="com.entity.TijianyishiEntity" id="tijianyishiMap">
        <result property="zhanghao" column="zhanghao"/>
        <result property="xingming" column="xingming"/>
        <result property="mima" column="mima"/>
        <result property="xingbie" column="xingbie"/>
        <result property="shoujihaoma" column="shoujihaoma"/>
        <result property="youxiang" column="youxiang"/>
    </resultMap>

	<select id="selectListVO"
		resultType="com.entity.vo.TijianyishiVO" >
		SELECT * FROM tijianyishi  tijianyishi         
        <where> 1=1 ${ew.sqlSegment}</where>
	</select>
	
	<select id="selectVO"
		resultType="com.entity.vo.TijianyishiVO" >
		SELECT  tijianyishi.* FROM tijianyishi  tijianyishi 	
 		<where> 1=1 ${ew.sqlSegment}</where>
	</select>

    <select id="selectListView"
		resultType="com.entity.view.TijianyishiView" >

		SELECT  tijianyishi.* FROM tijianyishi  tijianyishi 	        
        <where> 1=1 ${ew.sqlSegment}</where>
	</select>
	
	<select id="selectView"
		resultType="com.entity.view.TijianyishiView" >
		SELECT * FROM tijianyishi  tijianyishi <where> 1=1 ${ew.sqlSegment}</where>
	</select>
	

</mapper>
