<?xml version="1.0" encoding="UTF-8"?>
<!DOCTYPE mapper PUBLIC "-//mybatis.org//DTD Mapper 3.0//EN" "http://mybatis.org/dtd/mybatis-3-mapper.dtd">

<mapper namespace="com.dao.CanjianrenyuanDao">

	<!-- 可根据自己的需求，是否要使用 -->
    <resultMap type="com.entity.CanjianrenyuanEntity" id="canjianrenyuanMap">
        <result property="yonghuzhanghao" column="yonghuzhanghao"/>
        <result property="yonghuxingming" column="yonghuxingming"/>
        <result property="mima" column="mima"/>
        <result property="xingbie" column="xingbie"/>
        <result property="touxiang" column="touxiang"/>
        <result property="shoujihaoma" column="shoujihaoma"/>
        <result property="youxiang" column="youxiang"/>
    </resultMap>

	<select id="selectListVO"
		resultType="com.entity.vo.CanjianrenyuanVO" >
		SELECT * FROM canjianrenyuan  canjianrenyuan         
        <where> 1=1 ${ew.sqlSegment}</where>
	</select>
	
	<select id="selectVO"
		resultType="com.entity.vo.CanjianrenyuanVO" >
		SELECT  canjianrenyuan.* FROM canjianrenyuan  canjianrenyuan 	
 		<where> 1=1 ${ew.sqlSegment}</where>
	</select>

    <select id="selectListView"
		resultType="com.entity.view.CanjianrenyuanView" >

		SELECT  canjianrenyuan.* FROM canjianrenyuan  canjianrenyuan 	        
        <where> 1=1 ${ew.sqlSegment}</where>
	</select>
	
	<select id="selectView"
		resultType="com.entity.view.CanjianrenyuanView" >
		SELECT * FROM canjianrenyuan  canjianrenyuan <where> 1=1 ${ew.sqlSegment}</where>
	</select>
	

</mapper>
