<?xml version="1.0" encoding="UTF-8"?>
<!DOCTYPE mapper PUBLIC "-//mybatis.org//DTD Mapper 3.0//EN" "http://mybatis.org/dtd/mybatis-3-mapper.dtd">

<mapper namespace="com.dao.TijianjinchengDao">

	<!-- 可根据自己的需求，是否要使用 -->
    <resultMap type="com.entity.TijianjinchengEntity" id="tijianjinchengMap">
        <result property="tijianxiangmu" column="tijianxiangmu"/>
        <result property="tijiandidian" column="tijiandidian"/>
        <result property="yonghuzhanghao" column="yonghuzhanghao"/>
        <result property="yonghuxingming" column="yonghuxingming"/>
        <result property="shoujihaoma" column="shoujihaoma"/>
        <result property="tijianjieguo" column="tijianjieguo"/>
        <result property="zhanghao" column="zhanghao"/>
        <result property="xingming" column="xingming"/>
    </resultMap>

	<select id="selectListVO"
		resultType="com.entity.vo.TijianjinchengVO" >
		SELECT * FROM tijianjincheng  tijianjincheng         
        <where> 1=1 ${ew.sqlSegment}</where>
	</select>
	
	<select id="selectVO"
		resultType="com.entity.vo.TijianjinchengVO" >
		SELECT  tijianjincheng.* FROM tijianjincheng  tijianjincheng 	
 		<where> 1=1 ${ew.sqlSegment}</where>
	</select>

    <select id="selectListView"
		resultType="com.entity.view.TijianjinchengView" >

		SELECT  tijianjincheng.* FROM tijianjincheng  tijianjincheng 	        
        <where> 1=1 ${ew.sqlSegment}</where>
	</select>
	
	<select id="selectView"
		resultType="com.entity.view.TijianjinchengView" >
		SELECT * FROM tijianjincheng  tijianjincheng <where> 1=1 ${ew.sqlSegment}</where>
	</select>
	

</mapper>
