<?xml version="1.0" encoding="UTF-8"?>
<!DOCTYPE mapper PUBLIC "-//mybatis.org//DTD Mapper 3.0//EN" "http://mybatis.org/dtd/mybatis-3-mapper.dtd">

<mapper namespace="com.dao.TijiantaocanDao">

	<!-- 可根据自己的需求，是否要使用 -->
    <resultMap type="com.entity.TijiantaocanEntity" id="tijiantaocanMap">
        <result property="tijianxiangmu" column="tijianxiangmu"/>
        <result property="tijiandidian" column="tijiandidian"/>
        <result property="tijiandanwei" column="tijiandanwei"/>
        <result property="taocanjiage" column="taocanjiage"/>
        <result property="keyuerenshu" column="keyuerenshu"/>
        <result property="tijianneirong" column="tijianneirong"/>
        <result property="tijianliucheng" column="tijianliucheng"/>
        <result property="taocantupian" column="taocantupian"/>
        <result property="zhanghao" column="zhanghao"/>
        <result property="xingming" column="xingming"/>
        <result property="clicktime" column="clicktime"/>
    </resultMap>

	<select id="selectListVO"
		resultType="com.entity.vo.TijiantaocanVO" >
		SELECT * FROM tijiantaocan  tijiantaocan         
        <where> 1=1 ${ew.sqlSegment}</where>
	</select>
	
	<select id="selectVO"
		resultType="com.entity.vo.TijiantaocanVO" >
		SELECT  tijiantaocan.* FROM tijiantaocan  tijiantaocan 	
 		<where> 1=1 ${ew.sqlSegment}</where>
	</select>

    <select id="selectListView"
		resultType="com.entity.view.TijiantaocanView" >

		SELECT  tijiantaocan.* FROM tijiantaocan  tijiantaocan 	        
        <where> 1=1 ${ew.sqlSegment}</where>
	</select>
	
	<select id="selectView"
		resultType="com.entity.view.TijiantaocanView" >
		SELECT * FROM tijiantaocan  tijiantaocan <where> 1=1 ${ew.sqlSegment}</where>
	</select>
	

</mapper>
